frame.number,tcp.analysis.ack_rtt
99,
105,0.000125000
108,
141,
395,0.047439000
456,
462,0.000129000
1201,
1212,0.000397000
1233,
1267,
1520,0.047929000
1697,
1699,0.000079000
2194,
2195,0.000095000
2199,
2282,
2568,0.047910000
2746,
2747,0.000096000
3782,
3784,0.000087000
3795,
3949,
4280,0.048166000
4495,
4496,0.000097000
5238,
5239,0.000101000
5244,
6567,0.215106000
6606,
6607,0.000101000
6662,
7024,0.065611000
7025,0.000123000
7026,
7214,
7215,0.000106000
7224,
7856,0.142775000
7857,0.000125000
7858,
7880,
8561,0.168525000
8562,0.000112000
8563,
9688,
9689,0.000102000
9694,
9758,
10010,0.047948000
10242,
10243,0.000103000
10855,
10860,0.000101000
10868,
10933,
11213,0.047949000
11464,
11465,0.000098000
12246,
12945,0.158800000
14992,
14994,0.000106000
14997,
15483,0.103014000
15484,0.000127000
15486,
16007,
16008,0.000113000
16014,
16017,
16201,0.047828000
16358,
16359,0.000109000
16835,
16837,0.000118000
16842,
17276,0.103563000
17277,0.000110000
17278,
17382,
17855,0.114020000
17856,0.000113000
17857,
17953,
17963,0.000632000
17972,
18021,
18163,0.048299000
18399,
18400,0.000105000
18453,
18800,0.096376000
18801,0.000118000
18802,
19314,
19315,0.000116000
19321,
19729,0.111315000
19730,0.000119000
19731,
20195,
20198,0.000259000
20201,
20893,0.111154000
20894,0.000117000
20895,
21811,
21812,0.000113000
21819,
22479,0.103017000
22480,0.000116000
22481,
23192,
23193,0.000090000
23207,
24369,0.154028000
25986,
25989,0.000112000
26559,
26561,0.000113000
26571,
27261,0.110892000
27263,0.000104000
27264,
27850,
27852,0.000110000
27860,
28227,0.095131000
28228,0.000129000
28229,
28418,
28419,0.000121000
28423,
28446,
28634,0.048127000
28799,
28800,0.000114000
28839,
29138,0.102984000
29139,0.000125000
29140,
29518,
29520,0.000112000
29524,
29792,0.111365000
29793,0.000127000
29794,
30245,
30247,0.000107000
30250,
30285,
30673,0.047768000
30994,
30995,0.000118000
31318,
31320,0.000108000
31326,
31400,
31402,0.000276000
31440,
31583,0.047917000
31832,
31833,0.000102000
31838,
31842,
31843,
31853,
31956,0.048008000
31957,0.047931000
31958,0.000113000
31959,
31978,0.048817000
31979,0.000100000
31980,
32112,
32113,0.000106000
32327,
32328,0.000111000
32331,
32658,0.119245000
32661,0.000117000
32662,
32968,
32969,0.000110000
32973,
33417,0.106686000
33422,0.000240000
33423,
34257,
34265,0.000142000
34284,
34967,0.111361000
34970,0.000119000
34971,
35492,
35493,0.000107000
35519,
36146,0.110588000
36147,0.000124000
36148,
36803,
36804,0.000109000
36808,
37419,0.103113000
37421,0.000140000
37422,
38044,
38045,0.000102000
38048,
38544,0.110913000
38545,0.000129000
38546,
39189,
39190,0.000116000
39193,
39630,0.102250000
39631,0.000115000
39632,
40246,
40249,0.000159000
40257,
40910,0.118859000
40911,0.000115000
40912,
41473,
41474,0.000106000
41503,
41990,0.102525000
41994,0.000166000
41995,
42408,
42409,0.000116000
42414,
42965,0.111158000
42968,0.000090000
42969,
43502,
43504,0.000096000
43531,
44185,0.107053000
44186,0.000124000
44187,
44787,
44788,0.000106000
44794,
45319,0.111206000
45320,0.000119000
45321,
45358,
46303,0.159288000
46305,0.000118000
46306,
46384,
47179,0.106776000
47180,0.000107000
47181,
47301,
47302,0.000118000
47308,
47316,
47401,
47604,0.047845000
47737,0.048111000
47738,0.000109000
47739,
47907,
47908,0.000104000
48413,
48414,0.000116000
48420,
48925,0.111314000
48928,0.000220000
48929,
49454,
49455,0.000108000
49474,
49522,
49738,0.047896000
49958,
49959,0.000105000
50001,
50413,0.099390000
50415,0.000123000
50416,
50996,
50999,0.000120000
51004,
51385,0.103135000
51388,0.000210000
51389,
51842,
51843,0.000109000
51846,
52697,0.173243000
54222,
54223,0.000099000
55195,
55475,
55476,0.000096000
56204,0.179737000
56207,0.000126000
56208,
56212,
57614,0.209870000
59948,
59949,0.000117000
61026,
62327,0.194567000
64213,
64214,0.000103000
64513,
64514,0.000107000
64534,
64883,0.111366000
64884,0.000125000
64885,
65442,
65443,0.000116000
65446,
66106,0.103345000
66107,0.000114000
66108,
66615,
66616,0.000106000
66621,
67136,0.119535000
67137,0.000115000
67138,
67537,
67538,0.000107000
67542,
67997,0.111419000
67998,0.000124000
67999,
68462,
68463,0.000104000
68466,
68799,0.102922000
68801,0.000121000
68802,
69112,
69117,0.000120000
69124,
69631,0.111373000
69632,0.000116000
69633,
70434,
70983,0.147185000
70984,0.000118000
70985,
71013,
71092,
71284,0.048600000
71285,
71286,0.000090000
71504,
71505,0.000103000
71522,
71829,0.098125000
71830,0.000110000
71831,
72363,
72364,0.000106000
72371,
72599,0.103139000
72600,0.000112000
72601,
72943,
72946,0.000121000
72956,
73835,0.227563000
75244,
75245,0.000122000
75248,
75348,0.051269000
75349,0.000119000
75350,
75859,
76129,0.123744000
76130,0.000114000
76131,
76134,
76153,
76264,0.048608000
76265,
76266,0.000081000
76299,
76300,0.000096000
76493,
76494,0.000096000
76497,
76578,
76580,0.000116000
76636,
76689,0.095090000
76690,0.000105000
76691,
76906,0.132706000
76908,0.000098000
76909,
76912,
76947,
77098,0.047969000
77160,
77163,0.000096000
77772,
77773,0.000102000
77777,
77786,
78061,0.048304000
78308,
78310,0.000105000
78604,
78609,0.000317000
78611,
78716,
79017,0.047832000
79232,
79233,0.000104000
79790,
79796,0.000284000
79801,
79866,
80073,0.048652000
80119,
80120,0.000093000
80144,
80145,0.000101000
80796,
80799,0.000117000
80806,
81683,0.174584000
81684,0.000107000
81685,
81695,
82046,0.093823000
82048,0.000194000
82049,
82166,
82167,0.000099000
82170,
82683,0.111279000
82684,0.000116000
82685,
82729,
83020,0.067651000
83025,0.000131000
83026,
83544,
83546,0.000106000
83556,
83627,
84116,0.047946000
84520,
84521,0.000096000
85232,
85233,0.000098000
85238,
85255,
85464,0.048133000
85849,
85850,0.000100000
87279,
87670,0.069176000
87672,0.000089000
87673,
87759,
88638,0.086916000
88639,0.000111000
88640,
90270,
90571,
90574,0.000098000
91491,
91502,0.236955000
92162,0.115424000
92163,0.000102000
92164,
92199,
92572,0.086494000
92573,0.000112000
92574,
92909,
92910,0.000100000
92913,
93249,0.063223000
93250,0.000120000
93251,
93311,
93704,0.059274000
93708,0.000125000
93709,
94387,
94390,0.000184000
94395,
94518,
94764,0.063070000
94765,0.000113000
94766,
95320,0.143627000
95321,0.000110000
95322,
95325,
95371,
95584,0.047462000
95629,
95630,0.000102000
95768,
95769,0.000101000
95778,
95813,
96036,0.047649000
96309,
96310,0.000097000
96807,
96808,0.000101000
96821,
96845,
97022,0.047499000
97262,
97264,0.000105000
97813,
97814,0.000097000
97817,
98686,0.191083000
98687,0.000107000
98688,
98774,
99176,0.084354000
99178,0.000126000
99179,
99346,
99348,0.000088000
99355,
100114,0.127305000
100115,0.000112000
100116,
100158,
100672,0.074472000
100678,0.000341000
100679,
101158,
101159,0.000111000
101166,
101174,
101462,0.048005000
101667,
101668,0.000095000
102295,
102296,0.000104000
102300,
102322,
102508,0.047934000
102819,
102820,0.000099000
103723,
104317,0.157623000
106192,
106194,0.000110000
106199,
106660,0.110792000
106662,0.000117000
106663,
106669,
107232,0.111021000
107234,0.000101000
107235,
107696,
107698,0.000096000
107709,
108146,0.110937000
108147,0.000117000
108148,
108513,
108518,0.000256000
108520,
108929,0.103299000
108930,0.000128000
108931,
108995,
109800,0.159174000
109801,0.000110000
109802,
109893,
109894,0.000092000
109905,
109924,
110100,0.048119000
110310,
110317,0.000474000
110393,
110817,0.114205000
110819,0.000111000
110820,
111309,
111311,0.000104000
111315,
111840,0.103047000
111841,0.000121000
111842,
112366,
112367,0.000109000
112372,
112790,0.111246000
112791,0.000118000
112792,
113370,
113372,0.000085000
113377,
114176,0.172616000
114177,0.000136000
114178,
114190,
114191,0.000098000
114675,
115005,
115234,0.048472000
115322,
115323,0.000102000
115957,
115958,0.000125000
115964,
116444,0.094993000
116445,0.000119000
116446,
117323,
117825,0.181969000
117828,
117829,0.000119000
118235,
118236,0.000105000
118240,
118898,0.127375000
118899,0.000114000
118900,
119842,
120198,0.062173000
120200,0.000108000
120201,
120784,
120785,0.000107000
120790,
121844,0.167130000
121845,0.000120000
121846,
122492,
122493,0.000108000
122496,
122793,0.103160000
122794,0.000119000
122795,
123231,
123232,0.000111000
123238,
124122,0.226226000
125100,
125102,0.000105000
125525,
125526,0.000109000
125531,
125940,0.111229000
125941,0.000113000
125942,
126523,
126525,0.000114000
126540,
127201,0.102869000
127204,0.000113000
127205,
127905,
127906,0.000107000
127910,
127942,
128113,0.049156000
128333,
128334,0.000112000
128401,
128756,0.096314000
128762,0.000103000
128763,
129087,
129088,0.000107000
129109,
129552,0.118941000
129553,0.000107000
129554,
129872,
129884,0.000188000
129901,
130664,0.182740000
131039,
131040,0.000096000
131250,
131251,0.000095000
131254,
131260,
131339,
131534,0.047996000
131622,0.048356000
131623,0.000113000
131624,
131951,
131952,0.000099000
132049,
132154,
132468,0.047846000
132471,
132472,0.000121000
132959,
132960,0.000101000
133434,
133435,0.000114000
133442,
133914,0.110838000
133915,0.000114000
133916,
134440,
134442,0.000077000
134447,
134449,
134657,0.047861000
134955,
134956,0.000122000
135990,
137263,0.196445000
137314,
137315,0.000098000
138651,
139470,0.114554000
139471,0.000113000
139472,
140760,
140941,
140942,0.000095000
140984,
141244,0.047794000
141505,
141507,0.000096000
141682,
141684,0.000097000
141691,
142208,0.095339000
142209,0.000112000
142211,
142313,
142474,
142477,0.000107000
143007,0.128586000
143008,0.000109000
143009,
143018,
143086,
143405,0.047938000
143417,
143419,0.000088000
144117,
144118,0.000095000
144126,
144172,
144491,0.048201000
144627,
144628,0.000108000
144737,
144738,0.000122000
144744,
144767,
145089,0.047890000
145459,
145461,0.000110000
146423,
146424,0.000101000
146429,
146504,
146766,0.047870000
146778,
146781,0.000084000
147359,
147372,0.000734000
147379,
148056,0.157788000
148058,
148059,0.000134000
148088,
148871,0.121278000
148874,0.000091000
148875,
148963,
148964,0.000116000
148970,
149551,0.111260000
149552,0.000110000
149553,
149620,
150112,0.079519000
150113,0.000105000
150114,
150591,
150592,0.000097000
150595,
150658,
150907,0.048207000
151004,
151005,0.000100000
151681,
151686,0.000229000
151698,
151720,
151914,0.047691000
152134,
152135,0.000096000
152926,
154606,0.199044000
155507,
155509,0.000102000
155549,
155963,0.088480000
155967,0.000108000
155968,
157335,
157726,
157729,0.000151000
158772,0.223547000
158861,
159340,0.085094000
159341,0.000113000
159342,
159395,
159763,0.071227000
159764,0.000108000
159765,
159906,
159907,0.000096000
159910,
160423,0.095319000
160426,0.000121000
160427,
160441,
160638,
160639,0.000098000
161093,0.140337000
161094,0.000109000
161095,
161098,
161170,
161402,0.047936000
161476,
161477,0.000135000
161909,
161911,0.000091000
161916,
161966,
162301,0.048626000
162414,
162418,0.000100000
162906,
162907,0.000080000
162915,
162938,
163214,0.048303000
163454,
163455,0.000099000
164152,
164153,0.000114000
164162,
164173,
164388,0.050843000
164498,
164499,0.000097000
165272,
165274,0.000106000
165278,
166806,0.244491000
168439,
168440,0.000102000
168444,
169180,0.110156000
169190,0.000078000
169193,
169376,
169378,0.000181000
169388,
169858,0.056955000
170146,
170147,0.000098000
170278,
171132,0.067890000
171133,0.000110000
171134,
172090,
172093,0.000099000
172099,
172132,
172454,0.047540000
172773,
172774,0.000104000
173466,
173470,0.000071000
173485,
173491,
173715,0.048103000
173953,
173954,0.000099000
175999,
177549,0.234389000
178471,
178472,0.000105000
178476,
179019,0.103052000
179020,0.000127000
179021,
179589,
179590,0.000108000
179596,
180011,0.110843000
180013,0.000118000
180014,
180428,
180429,0.000111000
180432,
180474,
180627,0.047881000
180696,
180697,0.000110000
180890,
180891,0.000104000
180896,
180898,
181080,0.047799000
181168,
181169,0.000112000
181223,
181454,0.078902000
181455,0.000121000
181456,
181770,
181771,0.000119000
181774,
182159,0.127291000
182160,0.000115000
182161,
182423,
182425,0.000104000
182431,
182659,0.110915000
182660,0.000136000
182661,
183003,
183005,0.000110000
183015,
183544,0.106536000
183547,0.000098000
183548,
184683,
184685,0.000114000
184692,
185008,0.103400000
185009,0.000119000
185010,
185487,
185488,0.000122000
185491,
185955,0.224621000
186623,
186624,0.000119000
187153,
187983,0.245050000
242087,
242088,0.000105000
242312,
242313,0.000119000
242318,
242528,0.111220000
242529,0.000120000
242530,
243173,
243174,0.000117000
243177,
244212,0.111085000
244213,0.000114000
244214,
244482,
244483,0.000115000
244486,
244741,0.103284000
244742,0.000119000
244743,
244951,
244952,0.000112000
244956,
245281,0.111558000
245282,0.000134000
245283,
245582,
245583,0.000106000
245587,
245987,0.110848000
245988,0.000118000
245989,
246431,
246432,0.000117000
246436,
246725,0.143221000
246726,0.000114000
246727,
246959,
246960,0.000118000
246965,
247213,0.102991000
247214,0.000124000
247215,
247681,
247682,0.000114000
247685,
248147,0.216338000
248525,
248526,0.000100000
248910,
248911,0.000104000
248914,
249366,0.153797000
249496,
249497,0.000100000
249501,
249542,
249632,0.048618000
249633,
249634,0.000086000
249768,
249769,0.000100000
250200,
250203,0.000129000
250213,
250408,
250661,0.048075000
251083,
251084,0.000110000
251233,
251234,0.000104000
251239,
251446,0.103353000
251448,0.000118000
251450,
251678,
251679,0.000115000
251682,
251821,0.128446000
251822,0.000125000
251823,
252123,
252536,0.155552000
254398,
254399,0.000113000
254429,
254430,0.000103000
254435,
254988,0.175160000
254989,0.000120000
254990,
255027,
255495,0.090459000
255496,0.000108000
255497,
255613,
255614,0.000098000
255617,
255949,0.079130000
255951,0.000116000
255952,
255992,
256069,
256071,0.000116000
256346,0.143741000
256347,0.000117000
256348,
256355,
256413,
256536,0.047681000
256541,
256542,0.000098000
256785,
256786,0.000111000
256789,
256800,
256928,0.048583000
256972,
256973,0.000087000
257080,
257081,0.000106000
257084,
257094,
257229,0.048049000
257460,
257462,0.000111000
257920,
257922,0.000116000
257928,
258010,
258312,0.048683000
258393,
258394,0.000097000
258882,
258884,0.000104000
258895,
259618,0.152036000
259696,
259697,0.000101000
259730,
259917,0.073539000
259918,0.000123000
259919,
260126,
260127,0.000078000
260133,
260500,0.094915000
260501,0.000105000
260502,
260509,
260545,
260740,0.047917000
260741,
260742,0.000094000
260852,
260853,0.000095000
261271,
261272,0.000099000
261278,
261373,
261553,0.047706000
261716,
261717,0.000102000
262388,
262482,
262483,0.000104000
262497,
262701,0.048484000
262810,
262812,0.000144000
263213,
263812,0.230581000
264040,
264041,0.000103000
264049,
264203,0.056834000
264204,0.000104000
264205,
264786,
265061,0.111459000
265062,0.000112000
265063,
265652,
265876,0.054869000
265877,0.000107000
265878,
265916,
266175,0.072416000
266176,0.000113000
266177,
266357,
266358,0.000111000
266366,
266491,
266493,0.000092000
266500,
266699,0.047751000
266740,
266741,0.000092000
267143,
267144,0.000107000
267148,
267173,
267358,0.048537000
267359,
267360,0.000100000
267663,
267666,0.000099000
267674,
267719,
267890,0.048358000
267967,
267968,0.000109000
268019,
268020,0.000104000
268023,
268035,
268181,0.048319000
268288,
268289,0.000093000
268718,
268719,0.000100000
268722,
268734,
268916,0.048521000
268957,
268959,0.000111000
269329,
269330,0.000104000
269334,
270054,0.202204000
270150,
270151,0.000107000
270172,
270665,0.151228000
270670,0.000122000
270671,
270723,
270724,0.000096000
270733,
271141,0.111624000
271142,0.000126000
271143,
271150,
271343,0.094017000
271346,0.000101000
271348,
271484,
271486,0.000097000
271490,
271503,
271629,0.048136000
271699,
271700,0.000097000
272058,
272059,0.000105000
272062,
272076,
272132,0.047790000
272217,
272218,0.000109000
272778,
272983,0.095704000
272985,0.000115000
272986,
273042,
273093,
273095,0.000096000
273434,
273439,0.238256000
273440,
273441,0.000076000
273862,0.204243000
274978,
274979,0.000114000
275592,
275593,0.000112000
275632,
275662,
275847,0.047939000
275848,
275849,0.000082000
275956,
275957,0.000098000
276493,
276955,0.203152000
277262,
277263,0.000104000
277476,
277477,0.000105000
277481,
277712,0.111183000
277713,0.000120000
277714,
277960,
277964,0.000092000
277969,
278182,0.103365000
278184,0.000133000
278185,
278251,
278252,
278254,
278271,
278437,0.047838000
278441,
278442,0.000088000
278513,0.048393000
278514,
278515,0.000089000
278678,
278680,0.000101000
279010,
279011,0.000116000
279015,
279320,0.095443000
279321,0.000104000
279322,
279574,
279575,0.000110000
280381,
280383,0.000112000
280394,
280951,0.055571000
280952,0.000119000
280953,
280977,
281002,
281453,0.048018000
281455,
281456,0.000090000
281514,
281516,0.000108000
281716,
281734,
281832,0.047860000
281834,
281835,0.000082000
282295,
282296,0.000094000
282602,
282603,0.000110000
282610,
283029,0.111195000
283030,0.000119000
283031,
283316,
283318,0.000122000
283321,
283323,
283573,0.047962000
284214,
284216,0.000105000
284224,
284873,0.102863000
284875,0.000126000
284876,
285397,
285398,0.000101000
285401,
285920,0.162749000
286539,
286540,0.000112000
286965,
286967,0.000090000
286999,
287216,0.095418000
287217,0.000109000
287218,
287297,
287298,0.000093000
287301,
287822,0.242881000
288684,
288685,0.000097000
288790,
288791,0.000097000
288794,
288844,
288845,0.000088000
288925,0.064666000
288926,0.000101000
288927,
288930,
289006,
289007,0.000099000
289073,0.065582000
289074,0.000106000
289075,
289078,
289164,
289165,0.000089000
289237,0.065611000
289238,0.000108000
289239,
289245,
289319,
289320,0.000091000
289358,0.051112000
289359,0.000104000
289360,
289368,
289463,
289464,0.000103000
289494,
289661,0.048216000
289777,
289778,0.000094000
289798,
289799,0.000100000
290215,
290216,0.000097000
290219,
290352,0.068202000
290353,0.000122000
290354,
291081,
291082,0.000111000
291116,
291372,0.086894000
291373,0.000110000
291374,
291497,
291498,0.000104000
291512,
291956,0.202899000
292671,
292673,0.000109000
292687,
292870,0.055673000
292871,0.000117000
292872,
293167,
293168,0.000108000
293171,
293175,
293325,0.048108000
293409,
293410,0.000098000
293895,
293897,0.000097000
293903,
293979,
294183,0.047862000
294259,
294260,0.000101000
294417,
294418,0.000106000
294421,
294452,
294519,
294521,0.000093000
294661,0.047955000
294777,
294779,0.000093000
295275,
295276,0.000105000
295279,
295297,
295406,0.047785000
295459,
295460,0.000104000
295864,
295866,0.000095000
295869,
296300,0.159088000
296301,0.000107000
296302,
296329,
296451,0.066213000
296452,0.000106000
296453,
296528,
296529,0.000100000
296532,
296858,0.111507000
296859,0.000111000
296860,
296893,
297034,0.071756000
297035,0.000114000
297036,
297477,
297478,0.000098000
297481,
297483,
297600,0.047800000
297651,
297652,0.000104000
298043,
298303,0.082074000
298304,0.000112000
298305,
298421,
298727,0.116291000
298728,0.000124000
298729,
298748,
298749,0.000097000
299201,
299263,
299264,0.000105000
299272,
299449,0.048026000
299623,
299624,0.000096000
300299,
300659,0.130951000
300661,0.000106000
300662,
301153,
301591,0.159064000
301861,
301862,0.000109000
301968,
301969,0.000096000
301972,
302031,
302034,0.000101000
302053,
302162,0.074854000
302163,0.000101000
302164,
302209,0.051367000
302210,0.000102000
302211,
302216,
302480,0.159304000
302481,0.000108000
302482,
302495,
302548,
302549,0.000095000
302722,0.114311000
302723,0.000123000
302724,
302736,
302737,0.000100000
302740,
302746,
302827,0.047822000
302862,
302863,0.000097000
303108,
303109,0.000119000
303113,
303190,
303345,0.047840000
303393,
303394,0.000086000
303444,
303445,0.000091000
303449,
303456,
303532,0.047658000
303621,
303622,0.000092000
303831,
303832,0.000093000
303835,
303878,
303967,0.047989000
304008,
304009,0.000111000
304301,
304302,0.000103000
304306,
304865,0.182904000
305034,
305035,0.000097000
305065,
305201,0.068342000
305202,0.000103000
305203,
305233,
305234,0.000096000
305237,
305568,0.143293000
305569,0.000106000
305570,
305579,
305714,
305715,0.000097000
305925,0.138601000
305926,0.000112000
305927,
305930,
305932,
306026,0.047920000
306067,
306068,0.000106000
306137,
306138,0.000095000
306256,
306257,0.000100000
306260,
306292,
306358,
306359,0.047953000
306400,
306401,0.000115000
306673,0.151009000
306674,
306675,0.000099000
306678,
307089,0.199747000
307880,
307974,
307975,0.000093000
308016,
308023,
308089,0.048278000
308125,0.067224000
308126,0.000108000
308127,
308501,
308899,0.212650000
308900,0.000131000
308901,
308902,
308904,0.000135000
308905,
308907,0.000090000
308909,
308911,0.000077000
309182,
309183,0.000105000
314547,
314549,0.000105000
314974,
314975,0.000120000
314981,
315322,0.125814000
315323,0.000102000
315324,
315633,
315634,0.000105000
315642,
316047,0.111326000
316048,0.000131000
316049,
316308,
316309,0.000093000
316312,
316591,0.111274000
316593,0.000117000
316594,
317107,
317108,0.000108000
317111,
317139,
317371,0.048721000
317625,
317626,0.000109000
318070,
318071,0.000104000
318077,
318094,
318242,
318372,0.047798000
318415,0.048487000
318416,0.000107000
318417,
318539,
318540,0.000117000
318673,
318676,0.000101000
318949,
319574,
319766,0.048122000
319985,
319987,0.000088000
320963,
321237,0.154916000
321238,0.000115000
321239,
321242,
321274,
321355,0.048048000
321356,
321358,0.000092000
321498,
321499,0.000093000
321511,
321529,
321629,0.048357000
321630,
321631,0.000086000
321691,
321693,0.000090000
321981,
321982,0.000110000
321985,
322176,0.102621000
322177,0.000120000
322178,
322578,
322580,0.000113000
322584,
322603,
322937,0.048097000
323262,
323263,0.000104000
323276,
323484,0.110835000
323485,0.000117000
323486,
323799,
323801,0.000097000
323804,
324382,0.248012000
325209,
325211,0.000100000
325240,
325241,0.000094000
325264,
325316,
325538,0.047760000
325545,
325547,0.000220000
325943,
325944,0.000109000
325947,
326342,0.079096000
326344,0.000088000
326345,
326402,
326541,
326542,0.000096000
327058,0.118399000
327060,0.000130000
327061,
327068,
327095,
327321,0.047906000
327418,
327420,0.000106000
327977,
327979,0.000141000
327987,
327996,
328241,0.048850000
328305,
328306,0.000103000
328616,
328617,0.000099000
328624,
328695,
329008,0.047883000
329124,
329126,0.000101000
330094,
330096,0.000102000
330114,
330166,
330473,0.047898000
330589,
330590,0.000102000
331542,
331543,0.000104000
331558,
332362,0.191391000
332363,0.000113000
332364,
332402,
332597,0.049400000
332598,0.000114000
332599,
332732,
332733,0.000104000
332736,
333431,0.094759000
333434,0.000112000
333435,
333533,
334203,0.102340000
334204,0.000110000
334205,
334326,
334327,0.000101000
334330,
334337,
334620,0.048445000
335285,
335287,0.000088000
335783,
335785,0.000096000
335789,
335925,
336175,0.047957000
336370,
336371,0.000113000
337592,
338046,0.204702000
338114,
338115,0.000110000
338122,
338157,
338250,0.047831000
338251,
338252,0.000083000
338260,
338261,0.000094000
338589,
338788,0.068780000
338789,0.000124000
338790,
339081,
339383,0.155135000
339384,0.000115000
339385,
339469,
339606,0.063568000
339607,0.000099000
339608,
339652,
339654,0.000098000
339658,
340054,0.143450000
340055,0.000107000
340056,
340102,
340166,
340167,0.000098000
340400,0.132757000
340401,0.000114000
340402,
340409,
340422,
340517,0.047718000
340546,
340547,0.000091000
340848,
340849,0.000118000
340854,
340861,
341008,0.048279000
341125,
341126,0.000099000
341310,
341311,0.000113000
341320,
341395,
341491,0.047936000
341591,
341592,0.000101000
342005,
342006,0.000110000
342012,
342038,
342191,0.049134000
342257,
342258,0.000105000
342631,
342632,0.000098000
342636,
343485,0.223178000
343487,0.000130000
343488,
343579,
343865,0.065008000
343866,0.000108000
343867,
344041,
344047,0.000101000
344078,
344618,0.095243000
344619,0.000111000
344620,
344679,
345359,0.086147000
345360,0.000114000
345361,
345901,
345902,0.000095000
345907,
345917,
346608,
347138,
347142,0.000090000
347946,
347947,0.000100000
347952,
347996,
348097,
348150,
348151,
348195,
348282,
348283,0.000097000
348311,0.047962000
348317,
348318,
348319,0.000089000
348320,0.000159000
348923,
349060,0.087884000
349061,0.000130000
349062,
349081,
349106,
349269,0.048053000
349270,
349272,0.000072000
349344,
349345,0.000085000
349892,
350892,0.223879000
354450,
354451,0.000099000
354946,
354947,0.000110000
354953,
355274,0.111416000
355276,0.000119000
355277,
355674,
355678,0.000270000
355689,
356079,0.103063000
356082,0.000131000
356083,
356581,
356582,0.000105000
356589,
357171,0.111252000
357172,0.000114000
357173,
357692,
357700,0.000212000
357721,
358207,0.110986000
358209,0.000118000
358210,
358739,
358740,0.000105000
358744,
359464,0.183801000
359684,
359685,0.000103000
360025,
360026,0.000107000
360031,
360405,0.103127000
360407,0.000110000
360408,
360447,
360728,0.096480000
360729,0.000112000
360730,
361275,
361276,0.000099000
361287,
362200,0.214809000
362369,
362371,0.000094000
362491,
362492,0.000103000
362495,
362501,
362548,
362653,0.047720000
362703,0.048721000
362704,0.000114000
362705,
363036,
363037,0.000101000
363629,
363630,0.000099000
363633,
363660,
363834,0.048077000
363996,
363997,0.000097000
364528,
364529,0.000109000
364535,
364982,0.111225000
364983,0.000119000
364984,
365352,
365353,0.000105000
365362,
366032,0.111078000
366033,0.000123000
366034,
366915,
366917,0.000109000
366925,
367636,0.104441000
367637,0.000118000
367638,
368446,
368447,0.000106000
368454,
369222,0.135401000
369223,0.000164000
369224,
369913,
369914,0.000108000
369919,
370599,0.111323000
370602,0.000129000
370603,
370698,
371523,0.130377000
371526,0.000116000
371527,
371570,
372021,0.093653000
372022,0.000119000
372023,
372111,
372528,0.096342000
372529,0.000114000
372530,
373020,
373021,0.000107000
373024,
373391,0.095100000
373393,0.000130000
373394,
374118,
374119,0.000101000
374122,
374177,
374366,0.047665000
374546,
374547,0.000108000
374874,
374875,0.000104000
374878,
375429,0.111243000
375430,0.000147000
375431,
375902,
375903,0.000111000
375911,
376454,0.102084000
376455,0.000112000
376456,
377208,
377478,0.077207000
377479,0.000115000
377480,
377509,
377895,0.078673000
377897,0.000112000
377898,
377931,
378151,0.096858000
378152,0.000113000
378153,
378512,
378513,0.000107000
378517,
378823,0.103251000
378824,0.000123000
378825,
379176,
379178,0.000106000
379183,
379556,0.103168000
379558,0.000115000
379559,
379885,
379886,0.000105000
379889,
380135,0.111258000
380136,0.000118000
380137,
380457,
380458,0.000107000
380462,
380722,0.102997000
380723,0.000122000
380724,
381039,
381040,0.000108000
381044,
381060,
381174,
381175,0.000108000
381182,
381183,0.048811000
381341,0.048151000
381342,0.000105000
381343,
381594,
381595,0.000100000
381628,
381671,
381802,0.048256000
381804,
381806,0.000110000
381886,
381887,0.000098000
382197,
382199,0.000106000
382203,
382506,0.102745000
382508,0.000113000
382509,
382834,
382835,0.000108000
382841,
383062,0.111230000
383063,0.000122000
383064,
383471,
383472,0.000106000
383475,
383516,
383713,0.048404000
383884,
383886,0.000108000
384266,
384267,0.000103000
384272,
384282,
384340,
384416,0.047766000
384478,0.048303000
384479,0.000104000
384480,
384766,
384859,0.047791000
384860,
384861,0.000090000
384992,
384993,0.000096000
385299,
385300,0.000101000
385305,
385344,
385477,0.047855000
385608,
385610,0.000101000
385636,
385637,
385638,
385639,
385640,
385806,0.048651000
385807,0.048938000
385808,0.049239000
385810,0.000095000
385811,
385969,
385970,0.000108000
386200,
386295,
386306,
386330,
386383,
386384,0.000099000
386399,
386473,0.048271000
386474,
386475,0.000088000
386487,0.048222000
386489,
386490,0.000090000
386771,0.115327000
386772,0.000113000
386773,
387508,
388204,0.210999000
389296,
389298,0.000105000
389632,
389633,0.000098000
389640,
390121,0.111508000
390122,0.000115000
390123,
390546,
390547,0.000110000
390550,
390835,0.103326000
390837,0.000121000
390838,
391346,
391700,0.118399000
391702,0.000105000
391703,
392035,
392036,0.000109000
392039,
392362,0.111490000
392363,0.000114000
392364,
392787,
392788,0.000109000
392791,
393531,0.183037000
393532,0.000111000
393533,
393836,
393837,0.000108000
393845,
394406,0.175262000
394408,0.000117000
394409,
394638,
394639,0.000100000
394645,
394942,0.094945000
394943,0.000112000
394944,
395250,
395251,0.000108000
395254,
395273,
395536,0.047726000
395743,
395745,0.000122000
395756,
396537,0.155181000
396539,
396540,0.000086000
396667,
396668,0.000097000
396700,
397067,0.107130000
397068,0.000108000
397069,
397614,
397616,0.000107000
397620,
397977,0.119014000
397979,0.000111000
397980,
398436,
398440,0.000117000
398455,
398947,0.119181000
398948,0.000113000
398949,
399387,
399389,0.000105000
399393,
399953,0.130532000
399954,0.000111000
399955,
400835,
401978,0.197134000
402425,
402426,0.000101000
402962,
402963,0.000099000
402966,
403811,0.135273000
403812,0.000275000
403813,
404884,
404885,0.000099000
404893,
405483,0.103626000
405484,0.000102000
405485,
406694,
406957,
406958,0.000098000
407543,0.140088000
407544,0.000123000
407545,
407550,
408058,0.103089000
408059,0.000110000
408060,
408670,
408672,0.000102000
408679,
409413,0.111360000
409415,0.000136000
409416,
409837,
409839,0.000112000
409843,
410254,0.111096000
410255,0.000104000
410256,
410816,
410819,0.000111000
410831,
411371,0.142013000
411372,0.000115000
411373,
411863,
411864,0.000102000
411872,
412445,0.103346000
412446,0.000121000
412447,
412849,
412850,0.000110000
412858,
413259,0.111311000
413261,0.000118000
413262,
413594,
413595,0.000106000
413601,
414511,0.234533000
414837,
414838,0.000100000
415185,
415186,0.000114000
415189,
415686,0.111167000
415687,0.000118000
415688,
416198,
416199,0.000104000
416205,
416579,0.103326000
416580,0.000117000
416581,
417062,
417063,0.000099000
417067,
417716,0.110909000
417717,0.000132000
417718,
418452,
418453,0.000098000
418457,
419352,0.127254000
419354,0.000128000
419355,
420159,
420160,0.000129000
420181,
420783,0.103301000
420784,0.000131000
420785,
421435,
421436,0.000109000
421445,
422221,0.111369000
422223,0.000129000
422224,
423186,
423188,0.000101000
423199,
424002,0.111147000
424003,0.000125000
424005,
424598,
424600,0.000114000
424617,
425158,0.103215000
425161,0.000709000
425162,
425900,
425902,0.000133000
425906,
426652,0.135256000
426654,0.000116000
426655,
427306,
427307,0.000113000
427314,
427366,
427837,0.047802000
428420,
428421,0.000099000
428483,
428848,0.061244000
428851,0.000111000
428852,
429778,
429779,0.000100000
429791,
430229,0.103249000
430232,0.000107000
430233,
430241,
430895,0.133239000
430896,0.000114000
430897,
430924,
431812,0.160770000
431816,0.000134000
431817,
431869,
431903,
432240,0.047737000
432242,
432243,0.000091000
432475,
432477,0.000107000
433468,
434090,0.132208000
434092,0.000119000
434093,
434731,
434732,0.000111000
434736,
435168,0.111299000
435169,0.000118000
435170,
435679,
435682,0.000108000
435690,
435715,
435717,0.000074000
435723,
435916,
435917,0.000103000
435927,
435966,0.047714000
435967,
435968,0.000084000
435974,
435975,0.000106000
435981,
435993,
436206,0.049217000
436207,0.000104000
436208,
436212,
436213,0.000103000
436224,
436267,
436294,0.050575000
436295,0.000111000
436296,
436305,0.049638000
436306,0.000121000
436307,
436310,
436334,
436472,0.048380000
436482,
436484,0.000103000
436491,
436522,
436585,0.048076000
436619,
436620,
436621,
436623,0.000189000
436624,0.000208000
436625,0.000262000
436631,
436657,
436661,
436803,0.047951000
436809,
436811,
436812,
436813,0.000183000
436814,0.000217000
436815,0.000282000
436822,
436888,0.048154000
436891,0.048193000
436892,
436893,0.000096000
436894,
436895,0.000168000
436899,
437082,
437083,
437084,
437085,
437086,
437088,
437165,0.048373000
437368,
437411,0.048720000
437412,0.048598000
437415,0.048596000
437417,
437418,
437419,0.000071000
437420,0.000139000
437422,
437424,0.000097000
437682,
437683,0.000097000
437709,
437834,
437835,0.000092000
438028,0.047986000
438639,
438640,0.000098000
438649,
438764,
438777,
438778,0.000093000
438784,
438836,0.048015000
438837,0.000103000
438838,
438840,
438842,0.000098000
438847,
438866,
438900,
438902,0.000124000
438979,0.048479000
438983,
438984,0.000085000
438985,
438987,0.000107000
438990,
439040,
439077,0.047889000
439080,
439081,0.000093000
439084,
439085,
439086,
439087,
439089,0.000192000
439090,0.000192000
439091,0.000267000
439108,
439136,
439139,
439295,0.048093000
439297,
439298,0.000096000
439301,
439303,
439304,
439306,
439311,0.000212000
439312,0.000212000
439313,0.000248000
439320,
439341,
439344,
439351,0.047829000
439371,
439373,0.000097000
439384,
439395,0.047920000
439397,
439399,0.000081000
439400,
439402,0.000086000
439408,
439599,0.047652000
439631,0.049091000
439632,
439633,
439634,0.000090000
439636,0.000133000
439644,
439685,0.047697000
440081,0.067576000
440083,0.000122000
440084,
440685,
440686,0.000108000
440696,
441271,0.103326000
441274,0.000113000
441275,
441748,
441749,0.000108000
441752,
442244,0.111291000
442245,0.000118000
442246,
442793,
442794,0.000105000
442801,
443451,0.149082000
443452,0.000116000
443453,
443819,
443820,0.000104000
443825,
445022,0.199560000
448776,
448777,0.000106000
450089,
451364,0.165673000
451486,
451488,0.000099000
452693,
453575,0.192937000
454760,
454761,0.000110000
455739,
456663,0.170474000
508354,
509600,0.243576000
509601,
509602,0.000087000
588932,
588933,0.000110000
589449,
590143,0.189652000
605162,
605163,
605164,0.000098000
605165,0.000166000
605169,
605174,
605211,
605412,0.047875000
605442,0.049023000
605444,0.000130000
605445,
605449,
605450,0.000093000
605542,
605794,0.068233000
605795,0.000117000
605796,
605829,
606332,0.102252000
606334,0.000116000
606335,
606371,
606906,0.104872000
606908,0.000124000
606909,
606930,
607037,
607300,0.047766000
607301,
607303,0.000089000
607457,
607458,0.000320000
607513,
608169,0.102126000
608170,0.000118000
608171,
608977,
608978,0.000107000
608981,
609302,0.095051000
609303,0.000116000
609304,
609733,
609734,0.000107000
609737,
610103,0.119154000
610104,0.000116000
610105,
610823,
610857,
610858,0.000101000
610979,0.048536000
610980,0.000114000
610981,
610986,
611006,
611072,
611205,0.047670000
611243,0.048197000
611248,0.000111000
611249,
611591,
611716,
611717,0.000172000
611759,
611979,0.048469000
611980,
611981,0.000090000
612211,
612213,0.000100000
612237,
612725,0.104905000
612726,0.000113000
612727,
612742,
613208,0.107536000
613209,0.000121000
613210,
613216,
613712,0.102869000
613713,0.000118000
613714,
613719,
614149,0.110855000
614150,0.000145000
614151,
614522,
614523,0.000109000
614526,
614957,0.103205000
614959,0.000114000
614960,
615555,
615556,0.000110000
615563,
616097,0.111336000
616098,0.000138000
616099,
616109,
616592,0.101908000
616594,0.000125000
616595,
616638,
617060,0.112520000
617062,0.000119000
617063,
617108,
617141,
617324,0.048429000
617330,
617331,0.000092000
617437,
617439,0.000081000
617876,
617877,0.000112000
617886,
618338,0.110737000
618339,0.000123000
618340,
618664,
618665,0.000110000
618668,
618845,0.103135000
618846,0.000111000
618847,
619099,
619100,0.000111000
619108,
619570,0.111290000
619571,0.000115000
619572,
619575,
619926,0.102295000
619927,0.000226000
619928,
619985,
620299,0.112070000
620300,0.000105000
620301,
620497,
620499,0.000120000
620503,
620507,
620614,0.047771000
620863,
620865,0.000103000
620904,
621142,0.120124000
621143,0.000110000
621144,
621422,
621423,0.000109000
621426,
621927,0.183237000
621929,0.000111000
621930,
622370,
622371,0.000106000
622379,
622572,0.096102000
622573,0.000111000
622574,
622884,
622886,0.000127000
622895,
623355,0.111229000
623356,0.000122000
623357,
623384,
623611,0.093450000
623612,0.000117000
623613,
623865,
623866,0.000102000
623870,
624129,0.111389000
624130,0.000116000
624131,
624156,
624373,0.085653000
624374,0.000111000
624375,
624889,
624893,0.000111000
624900,
624917,
625105,0.047814000
625305,
625306,0.000104000
625892,
626301,0.161854000
626398,
626999,0.159545000
627001,
627003,0.000091000
628723,
628724,0.000103000
629410,
629997,0.175436000
631687,
631688,0.000104000
632174,
632175,0.000102000
632178,
632480,0.106520000
632481,0.000122000
632482,
632935,
632937,0.000099000
632943,
633363,0.111219000
633364,0.000114000
633365,
633403,
634013,0.159645000
634017,0.000108000
634022,
634795,
634863,
634864,0.000097000
634931,
635144,0.048014000
635400,
635415,
635500,
635563,0.048322000
635564,0.000109000
635565,
635568,
635571,
635572,
635661,0.048090000
635663,
635665,0.000096000
635668,
635754,0.047561000
635757,
635761,0.000104000
635782,
635783,
635784,
635823,0.048470000
635824,
635825,0.000088000
635830,
635831,
635929,0.048172000
635930,0.048814000
635931,
635932,0.000092000
635933,
635934,0.000162000
635940,
635948,
636013,0.048319000
636016,
636017,0.000090000
636065,
636072,
636073,
636129,0.047750000
636131,
636132,0.000082000
636139,
636180,
636181,0.000097000
636236,
636237,
636239,
636240,
636241,
636254,0.047784000
636255,0.048160000
636256,0.000092000
636257,
636267,
636268,
636269,
636283,
636312,0.047943000
636314,0.000110000
636315,
636355,
636383,
636519,0.048533000
636520,0.048412000
636526,0.048915000
636528,0.000102000
636529,
636560,0.049719000
636565,0.047698000
636566,
636567,0.000095000
636568,
636570,0.000093000
636578,
636589,
636634,0.048200000
636637,
636638,0.000088000
636743,0.047659000
636746,
636748,0.000090000
636902,
637607,0.238507000
637608,
637609,0.000090000
638858,
638859,0.000103000
639353,
639354,0.000103000
639357,
639750,0.111252000
639751,0.000122000
639752,
640176,
640177,0.000112000
640180,
640568,0.111113000
640570,0.000127000
640571,
641083,
641084,0.000112000
641087,
641282,0.103249000
641284,0.000126000
641285,
641547,
641548,0.000101000
641555,
642169,0.111377000
642171,0.000118000
642172,
642675,
643396,0.176195000
646074,
646077,0.000101000
646403,
646404,0.000105000
646407,
646721,0.102938000
646722,0.000120000
646724,
646976,
646977,0.000112000
646980,
647578,0.119350000
647580,0.000091000
647581,
648357,
648358,0.000101000
648361,
648377,
648390,
648415,
648441,
648449,
648583,0.048538000
648592,0.048914000
648593,0.000103000
648594,
648604,
648624,
648657,0.047819000
648658,
648659,0.000087000
648746,0.047906000
648747,
648748,0.000083000
648847,0.071727000
648849,0.000106000
648850,
648859,
649581,0.171066000
649583,
649584,0.000090000
649877,
649879,0.000100000
650414,
650415,0.000111000
650422,
650999,0.111302000
651000,0.000112000
651001,
651363,
651364,0.000102000
651369,
651867,0.111243000
651868,0.000116000
651870,
653176,
653177,0.000107000
653184,
653523,0.103040000
653525,0.000122000
653526,
653880,
653881,0.000103000
653885,
654149,0.111149000
654153,0.000089000
654154,
654491,
654492,0.000104000
654498,
654927,0.111275000
654928,0.000115000
654929,
655322,
655323,0.000105000
655326,
655671,0.111339000
655679,0.000107000
655681,
656292,
656293,0.000098000
656297,
656893,0.199597000
656894,0.000107000
656895,
657382,
657383,0.000112000
657387,
657796,0.118261000
657798,0.000110000
657799,
658253,
658254,0.000106000
658259,
658797,0.135481000
658798,0.000111000
658799,
659231,
659232,0.000099000
659239,
659694,0.111299000
659695,0.000114000
659696,
660180,
660181,0.000100000
660186,
660620,0.103756000
660622,0.000115000
660623,
661440,
661786,0.082563000
661788,0.000111000
661789,
662236,
662237,0.000099000
662246,
662634,0.111255000
662635,0.000119000
662636,
663060,
663061,0.000105000
663066,
663389,0.103197000
663390,0.000116000
663391,
663765,
663766,0.000105000
663769,
664113,0.110585000
664114,0.000129000
664115,
664362,
664363,0.000111000
664367,
664808,0.110564000
664809,0.000120000
664810,
665356,
665357,0.000097000
665361,
665743,0.102881000
665744,0.000116000
665745,
665801,
665984,0.071154000
665986,0.000120000
665987,
666018,
666348,0.105626000
666349,0.000106000
666350,
666366,
666710,0.100571000
666712,0.000113000
666713,
666732,
667069,0.102866000
667070,0.000113000
667071,
667085,
667550,0.145777000
667552,0.000117000
667553,
667590,
668182,0.170836000
668183,
668184,0.000082000
668471,
668472,0.000106000
668760,
668761,0.000104000
668766,
669088,0.111097000
669089,0.000128000
669090,
669435,
669436,0.000111000
669444,
669636,0.079200000
669639,0.000115000
669640,
669901,
669902,0.000104000
669906,
669923,
670077,0.048222000
670210,
670211,0.000108000
670226,
670585,0.106568000
670587,0.000115000
670588,
671025,
671026,0.000100000
671033,
671265,0.063283000
671267,0.000122000
671268,
671289,
671583,0.105362000
671584,0.000112000
671585,
671924,
671926,0.000086000
671931,
671951,
672061,0.048430000
672231,
672232,0.000111000
672602,
672605,0.000105000
672608,
672891,0.103125000
672892,0.000120000
672893,
673342,
673343,0.000102000
673348,
673749,0.111162000
673750,0.000122000
673751,
674115,
674116,0.000119000
674127,
674673,0.087522000
674677,0.000101000
674678,
674727,
675481,0.128328000
675482,0.000110000
675483,
675640,
675641,0.000093000
675646,
676779,0.111242000
676780,0.000110000
676781,
677807,
677808,0.000110000
677812,
678329,0.111204000
678330,0.000109000
678331,
678602,
678603,0.000112000
678612,
678919,0.111117000
678921,0.000131000
678922,
679254,
679255,0.000109000
679258,
679525,0.103079000
679527,0.000118000
679528,
679871,
679872,0.000107000
679875,
680214,0.111363000
680215,0.000117000
680216,
680485,
680486,0.000103000
680489,
680756,0.111198000
680757,0.000119000
680758,
681217,
681220,0.000082000
681223,
681641,0.103056000
681642,0.000119000
681643,
681893,
681894,0.000110000
681897,
682197,0.159120000
682204,0.000109000
682205,
682530,
682531,0.000103000
682536,
682874,0.111117000
682876,0.000113000
682877,
683544,
683639,
683640,0.000101000
683967,0.175082000
683968,0.000114000
683969,
683972,
684488,0.164257000
684489,0.000108000
684490,
684996,
684998,0.000087000
685004,
685933,0.190756000
685934,0.000125000
685935,
686816,
687067,0.052087000
687068,0.000112000
687069,
687894,
688270,0.114060000
688271,0.000107000
688272,
689400,
690018,0.160370000
692701,
692702,0.000101000
693241,
693242,0.000100000
693247,
693766,0.111168000
693767,0.000114000
693768,
694058,
694059,0.000108000
694064,
694527,0.119100000
694528,0.000117000
694529,
694898,
694899,0.000102000
694902,
695488,0.103242000
695489,0.000116000
695490,
695832,
695833,0.000107000
695839,
696449,0.111093000
696450,0.000118000
696451,
696769,
696773,0.000129000
696781,
697160,0.111194000
697161,0.000120000
697162,
697468,
697469,0.000112000
697472,
697821,0.103256000
697828,0.000116000
697829,
698371,
698372,0.000111000
698375,
698697,0.111119000
698698,0.000116000
698699,
699067,
699069,0.000102000
699073,
699422,0.111291000
699423,0.000113000
699424,
699813,
699814,0.000104000
699819,
700113,0.103104000
700114,0.000113000
700115,
700731,
700734,0.000106000
700738,
701017,0.111184000
701019,0.000116000
701020,
701352,
701353,0.000112000
701357,
701721,0.111107000
701722,0.000104000
701723,
702163,
702164,0.000104000
702168,
702729,0.103151000
702730,0.000105000
702731,
703288,
703292,0.000054000
703299,
703659,0.111423000
703660,0.000108000
703661,
704063,
704065,0.000188000
704070,
704632,0.111222000
704633,0.000112000
704634,
705088,
705089,0.000098000
705100,
705619,0.111225000
705620,0.000105000
705621,
706105,
706107,0.000099000
706117,
706472,0.102978000
706473,0.000119000
706474,
706808,
706809,0.000103000
706812,
707143,0.111383000
707145,0.000114000
707146,
707454,
707455,0.000099000
707458,
707490,
707670,0.048290000
707924,
707927,0.000118000
708342,
708343,0.000101000
708353,
709066,0.155086000
709243,
709244,0.000103000
710103,
710308,0.059203000
710310,0.000115000
710311,
710591,
710593,0.000077000
710597,
710937,0.111188000
710938,0.000122000
710939,
711217,
711218,0.000103000
711223,
711584,0.103091000
711585,0.000109000
711586,
712120,
712123,0.000105000
712130,
712162,
712287,0.049743000
712535,
712536,0.000096000
713295,
713297,0.000130000
713302,
713938,0.166961000
713971,
713972,0.000096000
716091,
716196,
716199,0.000163000
716290,
716425,0.047768000
716853,
716855,0.000114000
716949,
717038,
717040,0.000068000
717971,0.134192000
717973,0.000105000
717974,
717984,
718024,
718137,0.047662000
718434,
718436,0.000096000
718743,
718744,0.000095000
718750,
719493,0.199218000
719496,0.000139000
719497,
720035,
720036,0.000100000
720041,
720212,0.063242000
720213,0.000112000
720214,
720242,
720499,0.090362000
720500,0.000104000
720501,
721070,
721177,0.056935000
721178,0.000109000
721179,
721436,
721437,0.000101000
721440,
721727,0.103335000
721728,0.000112000
721729,
722302,
722730,0.156275000
723508,
723509,0.000102000
724354,
725080,0.219507000
727259,
727260,0.000097000
727307,
727745,0.116453000
727747,0.000106000
727748,
727912,
727913,0.000096000
727916,
727944,
728183,0.047734000
728333,
728334,0.000099000
728425,
728426,0.000093000
728429,
728437,
728542,0.047761000
728702,
728703,0.000099000
729142,
729143,0.000094000
729146,
729176,
729331,0.048036000
729374,
729375,0.000098000
729818,
729819,0.000092000
729822,
729863,
730065,0.047789000
730192,
730193,0.000095000
730648,
731393,0.248768000
735986,
735987,0.000097000
736001,
736334,0.109750000
736335,0.000109000
736336,
736588,
736589,0.000100000
736594,
736631,
736847,0.048984000
737038,
737040,0.000100000
737165,
737166,0.000102000
737169,
737206,
737390,0.047813000
737477,
737480,0.000108000
737743,
737744,0.000110000
737755,
737767,
737870,0.047731000
737958,
737962,0.000126000
738459,
738950,0.205784000
739714,
739716,0.000100000
739732,
739845,
739846,0.000097000
740095,0.172481000
740096,0.000120000
740097,
740102,
740126,
740248,
740249,0.000097000
740296,0.047839000
740538,
740540,0.000118000
740545,
740587,
740745,0.048142000
740753,
740754,0.000092000
741612,
742685,0.248646000
743034,
743036,0.000096000
743111,
743409,0.083519000
743410,0.000103000
743411,
743713,
743714,0.000101000
743720,
743757,
743985,0.047776000
744038,
744039,0.000099000
745029,
745030,0.000095000
745035,
745058,
745420,0.047890000
745620,
745621,0.000098000
745902,
745904,0.000108000
745908,
745963,
746134,0.048225000
746186,
746187,0.000098000
746940,
748247,0.231048000
751574,
751575,0.000101000
751595,
751905,0.091030000
751907,0.000110000
751908,
752689,
753265,0.148870000
757850,
757852,0.000102000
757872,
758103,0.057159000
758104,0.000111000
758105,
759029,
759254,
759428,0.047808000
760021,
760022,0.000102000
765839,
765841,0.000106000
765912,
766419,0.087508000
766420,0.000113000
766421,
767374,
768791,0.211137000
777156,
777158,0.000123000
777820,
778576,0.185149000
778793,
778794,0.000102000
778865,
779138,0.066471000
779139,0.000105000
779140,
780231,
780272,
780273,0.000109000
780342,
780769,0.047828000
780818,
780819,0.000089000
781625,
782109,0.095369000
782110,0.000109000
782111,
782169,
782606,0.065709000
782607,0.000108000
782608,
783302,
783303,0.000098000
783309,
783347,
783498,0.047769000
783624,
783625,0.000106000
784482,
785369,0.235009000
787269,
787271,0.000096000
788268,
788269,0.000091000
788277,
788600,0.102958000
788601,0.000112000
788602,
788981,
788982,0.000096000
788986,
789400,0.103368000
789401,0.000116000
789402,
789766,
789767,0.000102000
789771,
790385,0.178129000
791637,
791638,0.000115000
792030,
792032,0.000105000
792048,
792584,0.095573000
792585,0.000120000
792586,
792936,
792937,0.000106000
792943,
793202,0.064166000
793203,0.000107000
793204,
793386,
793387,0.000121000
793840,
793841,0.000102000
793845,
794354,0.111146000
794355,0.000113000
794356,
794877,
794878,0.000105000
794881,
795388,0.103724000
795397,0.000088000
795398,
796560,
797720,0.224370000
797721,0.000111000
797722,
798329,
799119,0.218037000
799821,
799822,0.000106000
799888,
799889,0.000094000
800297,
800298,0.000117000
800305,
800817,0.111231000
800819,0.000120000
800820,
801401,
801402,0.000107000
801409,
801927,0.111000000
801928,0.000118000
801929,
802356,
802357,0.000114000
802363,
802763,0.103179000
802764,0.000140000
802765,
803173,
803174,0.000110000
803180,
803590,0.135176000
803591,0.000114000
803592,
804043,
804044,0.000106000
804047,
804225,0.071244000
804226,0.000109000
804227,
804244,
804273,
804407,0.047923000
804409,
804410,0.000095000
804610,
804611,0.000102000
804654,
804655,0.000097000
804658,
805091,0.141252000
805092,0.000115000
805093,
805405,
805406,0.000100000
805416,
805417,0.000095000
805537,
806045,
806080,0.177322000
806081,0.000108000
806082,
806089,
806154,
806263,0.048034000
806417,0.048030000
806419,0.000102000
806420,
806597,
806598,0.000097000
807376,
807555,0.069632000
807556,0.000113000
807557,
807987,
807988,0.000102000
807992,
808729,0.198021000
808732,0.000115000
808734,
809616,
810602,0.235571000
811310,
811311,0.000110000
813468,
813471,0.000080000
813498,
814085,0.104673000
814086,0.000109000
814087,
814316,
814318,0.000101000
814322,
814328,
814516,0.047690000
814856,
814857,0.000098000
815159,
815160,0.000098000
815165,
815239,
815443,0.047993000
815742,
815743,0.000102000
816398,
817249,0.137674000
817251,0.000107000
817252,
817275,
817697,0.092910000
817698,0.000104000
817699,
817932,
817933,0.000105000
818822,
819261,0.068166000
819262,0.000109000
819263,
819340,
819499,0.053960000
819503,0.000113000
819504,
820597,
820701,
820702,0.000096000
820709,
820908,0.050561000
821044,
821046,0.000105000
821171,
821172,0.000098000
821177,
821220,
821480,0.048070000
821647,
821649,0.000112000
821707,
821708,0.000088000
821712,
821781,
822030,0.048468000
822038,
822039,0.000088000
822430,
822432,0.000128000
822435,
822473,
822628,0.047950000
822649,
822657,0.000102000
823786,
823787,0.000093000
823798,
823807,
823930,
823931,0.000100000
824040,0.048052000
824764,
824888,
824889,0.000098000
825088,0.072331000
825089,0.000112000
825090,
828491,
828493,0.000107000
828523,
828999,0.104056000
829001,0.000109000
829002,
829701,
830795,0.246828000
831381,
831382,0.000104000
832446,
832447,0.000093000
832453,
832492,
832652,0.063162000
832654,0.000116000
832655,
833154,0.177517000
833155,
833156,0.000089000
833561,
834858,0.229394000
838402,
838405,0.000135000
859515,
859516,0.000066000
859525,
860038,0.102840000
860039,0.000123000
860040,
860633,
860634,0.000109000
860639,
861162,0.103504000
861163,0.000113000
861164,
861524,
861525,0.000105000
861530,
861946,0.111225000
861948,0.000113000
861949,
862231,
862232,0.000100000
862235,
862514,0.111220000
862515,0.000108000
862516,
862905,
862906,0.000110000
862915,
863161,0.095229000
863162,0.000120000
863163,
863555,
863557,0.000089000
863561,
863666,
863667,0.000092000
863682,
863688,
863693,
863710,
863716,
863946,0.047903000
863960,0.048831000
863961,0.000103000
863962,
863971,
863987,
864045,0.047829000
864048,
864049,0.000094000
864314,0.047816000
864317,
864318,0.000092000
864467,0.066491000
864471,0.000107000
864472,
864489,
864830,0.100304000
864831,0.000108000
864832,
865103,
865104,0.000106000
865107,
865549,0.111159000
865550,0.000113000
865551,
865886,
865887,0.000104000
865892,
866778,0.111059000
866779,0.000111000
866780,
867534,
867535,0.000091000
867540,
868506,0.227731000
870002,
870003,0.000097000
870996,
871619,0.135544000
871620,0.000115000
871621,
872492,
873083,0.160811000
873369,
873371,0.000097000
874163,
875185,0.208064000
875186,0.000109000
875187,
876021,
877113,0.222329000
877460,
877461,0.000090000
877913,
877915,0.000090000
877921,
878288,0.103305000
878289,0.000118000
878290,
879483,
879493,0.000123000
879517,
880471,0.103134000
880474,0.000116000
880475,
880963,
880964,0.000106000
880967,
881380,0.111152000
881382,0.000114000
881383,
881915,
881916,0.000106000
881921,
882446,0.111402000
882447,0.000117000
882448,
882930,
882931,0.000109000
882937,
883325,0.103155000
883326,0.000112000
883327,
883733,
883736,0.000085000
883746,
884118,0.110615000
884119,0.000123000
884120,
884600,
884601,0.000102000
884606,
884647,
884790,0.047766000
884916,
884918,0.000091000
884939,
884940,0.000099000
884945,
885186,0.110465000
885187,0.000119000
885188,
885457,
885458,0.000103000
885461,
885808,0.112023000
885809,0.000125000
885810,
886220,
886221,0.000129000
886224,
886567,0.103182000
886569,0.000125000
886570,
886922,
886924,0.000148000
886927,
887237,0.111150000
887239,0.000125000
887240,
887489,
887490,0.000097000
887493,
887801,0.114462000
887802,0.000109000
887803,
888128,
888129,0.000104000
888135,
888389,0.103242000
888391,0.000121000
888392,
888967,
888968,0.000109000
888973,
889324,0.111242000
889325,0.000115000
889326,
889709,
889710,0.000111000
889714,
890185,0.110911000
890186,0.000115000
890187,
890922,
890927,0.000131000
890936,
891567,0.103181000
891568,0.000114000
891569,
891646,
892173,0.097819000
892174,0.000109000
892175,
892211,
892580,0.119066000
892581,0.000109000
892582,
893304,
893852,0.206276000
893855,0.000091000
893856,
894724,
895144,0.104464000
895145,0.000112000
895146,
895908,
896845,0.222639000
897038,
897042,0.000109000
898071,
898722,0.187910000
899169,
899173,0.000090000
899900,
900044,
900045,0.000094000
900619,0.190570000
900713,
900714,0.000099000
900717,
901254,0.161162000
901878,
901879,0.000100000
902258,
902259,0.000095000
902268,
902735,0.111293000
902736,0.000107000
902737,
903220,
903221,0.000110000
903230,
903612,0.102699000
903613,0.000120000
903614,
904044,
904045,0.000106000
904049,
904324,0.110505000
904325,0.000111000
904326,
904663,
904664,0.000115000
904667,
904705,
904912,0.048022000
905243,
905244,0.000110000
905734,
905735,0.000110000
905740,
906047,0.103254000
906048,0.000114000
906049,
906097,
906403,0.101411000
906404,0.000109000
906405,
907112,
907113,0.000101000
907117,
907149,
907309,0.048003000
907783,
907784,0.000108000
907796,
907825,
907953,0.048021000
907954,
907956,0.000115000
908018,
908019,0.000103000
908048,
908286,0.098528000
908290,0.000097000
908291,
908998,
909862,0.220213000
909890,
909892,0.000092000
910373,
910374,0.000107000
910379,
910741,0.111235000
910742,0.000107000
910743,
911123,
911124,0.000101000
911141,
911448,0.111539000
911449,0.000109000
911450,
911843,
911844,0.000107000
911847,
912389,0.126899000
912391,0.000115000
912392,
912682,
912683,0.000093000
912686,
912895,0.103170000
912896,0.000108000
912897,
913270,
913271,0.000105000
913276,
913556,0.111111000
913558,0.000113000
913559,
913828,
913829,0.000096000
913835,
914275,0.111975000
914276,0.000114000
914277,
914605,
914612,0.000089000
914619,
915096,0.134995000
915098,0.000107000
915099,
915603,
915604,0.000095000
915610,
916018,0.103089000
916019,0.000109000
916020,
916273,
916274,0.000103000
916280,
916307,
916460,0.047923000
916788,
916789,0.000105000
917189,
917190,0.000111000
917193,
917208,
917366,0.048831000
917908,
917909,0.000107000
918382,
918385,0.000105000
918388,
918867,0.102547000
918868,0.000114000
918869,
919343,
919344,0.000106000
919347,
919590,
919591,0.000093000
919618,
919659,
919842,0.047870000
919907,0.048859000
919909,0.000108000
919910,
920312,
920313,0.000098000
921153,
921808,0.157395000
922127,
922129,0.000097000
922537,
922538,0.000103000
922541,
922973,0.095429000
922976,0.000120000
922977,
923880,
923882,0.000122000
923892,
924843,0.111297000
924844,0.000114000
924845,
925371,
925372,0.000105000
925376,
925670,0.102890000
925671,0.000112000
925672,
925937,
925938,0.000105000
925946,
925958,
926054,0.048197000
926288,
926289,0.000109000
926335,
926385,
926484,0.048272000
926485,
926487,0.000103000
926958,
926959,0.000106000
927032,
927058,
927165,0.048203000
927167,
927168,0.000081000
927300,
928024,0.226638000
928025,0.000108000
928026,
928367,
928368,0.000098000
928375,
929172,0.292389000
929413,
929414,0.000094000
929658,
929659,0.000108000
929662,
929967,0.112199000
929969,0.000125000
929971,
930226,
930227,0.000107000
930232,
930532,0.111415000
930533,0.000121000
930534,
930921,
930922,0.000108000
930927,
931356,0.103013000
931357,0.000121000
931358,
931430,
931864,0.116405000
931865,0.000107000
931866,
932304,
932305,0.000107000
932318,
932334,
932511,0.047926000
932642,
932644,0.000103000
932690,
933037,0.108050000
933038,0.000109000
933039,
933327,
933328,0.000098000
933334,
933597,0.095346000
933598,0.000117000
933599,
933866,
933867,0.000111000
933870,
933892,
934096,0.048346000
934121,
934122,0.000113000
934634,
934716,
934717,0.000094000
934723,
934736,
934745,
934815,0.048244000
934838,0.047936000
934839,0.000109000
934840,
934980,
934981,
934982,
935101,0.048602000
935102,0.048523000
935106,
935107,0.000090000
935151,
935152,0.000085000
935356,
935357,0.000095000
935361,
935615,0.111359000
935616,0.000113000
935617,
935899,
935902,0.000172000
935906,
936171,0.103284000
936173,0.000121000
936174,
936428,
936429,0.000104000
936434,
936697,0.111207000
936698,0.000116000
936699,
937018,
937020,0.000101000
937025,
937467,0.127339000
937469,0.000103000
937471,
938000,
938001,0.000101000
938004,
938697,0.143199000
938698,0.000109000
938699,
939198,
939200,0.000111000
939204,
939462,0.111044000
939463,0.000106000
939464,
939781,
939782,0.000106000
939791,
940435,0.205999000
940494,
940495,0.000097000
940852,
940853,0.000105000
940856,
941212,0.111188000
941213,0.000129000
941214,
941605,
941607,0.000110000
941613,
942044,0.138976000
942045,0.000110000
942046,
942559,
943057,0.219545000
943058,0.000114000
943059,
943308,
943309,0.000105000
943315,
944021,0.103285000
944024,0.000126000
944025,
944810,
944871,
944873,0.000103000
945478,0.185261000
945479,0.000119000
945480,
945488,
946028,0.219740000
946187,
946188,0.000092000
946547,
946549,0.000096000
946552,
946881,0.103254000
946883,0.000122000
946884,
947146,
947147,0.000101000
947150,
947347,0.111183000
947348,0.000118000
947349,
947594,
947595,0.000108000
947598,
947877,0.110677000
947878,0.000113000
947879,
947947,
948628,0.101850000
948629,0.000115000
948630,
949208,
949209,0.000097000
949214,
949807,0.159277000
949808,0.000113000
949809,
950321,
950323,0.000093000
950331,
950801,0.110908000
950802,0.000114000
950803,
951254,
951255,0.000100000
951260,
951270,
951410,0.048172000
951661,
951662,0.000099000
951677,
952206,
952209,
952282,0.170966000
952283,
952284,0.000097000
952353,0.047777000
952355,
952356,0.000086000
952412,
952413,0.000094000
952439,
952666,0.089044000
952667,0.000113000
952668,
952890,
952891,0.000102000
952898,
953210,0.110732000
953211,0.000126000
953212,
953518,
953519,0.000108000
953524,
953708,0.103127000
953709,0.000119000
953710,
953924,
953925,0.000105000
953929,
954140,0.111173000
954142,0.000119000
954143,
954385,
954386,0.000112000
954390,
954593,0.111214000
954594,0.000128000
954595,
954865,
954866,0.000108000
954871,
955101,0.103042000
955102,0.000110000
955103,
955574,
955578,
955579,0.000094000
955812,0.097238000
955813,0.000113000
955814,
955819,
956270,0.110961000
956276,0.000137000
956277,
956760,
956761,0.000110000
956765,
957867,0.191405000
957868,0.000135000
957869,
958136,
958137,0.000109000
958143,
958468,0.103297000
958469,0.000114000
958470,
958894,
958895,0.000106000
958902,
959583,0.111147000
959584,0.000117000
959585,
960666,
960668,0.000104000
960684,
960774,
961107,0.047723000
961340,
961343,0.000101000
962908,
962910,0.000109000
962915,
962935,
963413,0.047807000
964640,
964645,0.000099000
965399,
965400,0.000098000
965414,
965495,
965508,
965522,
965696,
966356,0.048045000
966376,0.048365000
966380,0.000071000
966381,
966569,0.048079000
966575,
966578,0.000094000
967260,
967263,0.000112000
967377,
968829,0.097172000
968830,0.000124000
968831,
969652,
969656,0.000136000
969671,
970783,0.111086000
970784,0.000130000
970785,
971150,
971151,0.000107000
971154,
971517,0.111001000
971519,0.000102000
971520,
971788,
971789,0.000104000
971794,
972047,0.103388000
972048,0.000110000
972049,
972367,
972368,0.000110000
972371,
972643,0.110944000
972645,0.000128000
972646,
973038,
973039,0.000102000
973045,
973349,0.111222000
973350,0.000122000
973351,
973750,
973751,0.000101000
973756,
973782,
973908,0.048424000
973968,
973969,0.000102000
973989,
974304,0.106826000
974305,0.000107000
974306,
974452,
974453,0.000099000
974458,
974494,
974619,0.048064000
974810,
974811,0.000113000
975154,
975155,0.000114000
975160,
975512,0.111553000
975513,0.000114000
975514,
976010,
976011,0.000105000
976014,
976416,0.103186000
976417,0.000115000
976418,
976942,
976944,0.000115000
976950,
977370,0.111089000
977371,0.000112000
977373,
977396,
977783,0.089168000
977784,0.000111000
977785,
977811,
978122,0.108086000
978123,0.000116000
978124,
978209,
978210,0.000094000
978213,
978243,
978373,0.048588000
978575,
978577,0.000106000
978910,
978911,0.000103000
978916,
979339,0.111399000
979340,0.000120000
979341,
979705,
979706,0.000115000
979709,
979990,0.103261000
979992,0.000075000
979993,
980287,
980288,0.000103000
980293,
980653,0.102676000
980654,0.000114000
980655,
980709,
980968,0.088978000
980969,0.000108000
980970,
981209,
981210,0.000104000
981220,
981572,0.110935000
981573,0.000112000
981574,
981901,
981902,0.000089000
981907,
981918,
982056,0.047886000
982243,
982244,0.000102000
982648,
982650,0.000106000
982654,
983189,0.135305000
983191,0.000104000
983192,
983357,
983828,0.123869000
983829,0.000101000
983830,
983901,
984156,
984304,0.047688000
984305,
984307,0.000087000
984434,
984435,0.000100000
984948,
984950,0.000093000
984957,
985001,
985002,
985007,
985207,0.048387000
985208,0.048331000
985223,
985225,0.000095000
985414,
985419,0.000082000
986025,
986085,
986086,0.000099000
986095,
986097,
986101,
986133,
986354,0.048021000
986356,0.047971000
986358,0.000103000
986359,
986364,0.047963000
986365,0.000100000
986366,
986886,0.166751000
986888,
986889,0.000087000
987013,
987014,0.000101000
987676,
987678,0.000096000
987686,
988087,0.103131000
988088,0.000112000
988089,
988584,
988585,0.000108000
988594,
988992,0.103170000
988993,0.000117000
988994,
